{
	"name": "Includes",
	"version": "5.0.0",
	"download_url": "https://github.com/ChrisWinters/includes/raw/master/includes.zip",
	"homepage": "https://github.com/ChrisWinters/includes/",
	"required_php": "7.2",
	"required_wp": "4.9",
	"tested_wp": "6.1.1",
	"last_updated": "2023-03-18 13:32:2",
	"upgrade_notice": "An update is available.",
	"author": "Chris W.",
	"author_homepage": "https://github.com/ChrisWinters/",
	"sections": {
		"description": "Includes for WordPress - Include Content Anywhere",
		"installation": "Manually download, install, and activate the plugin. Once activated the Includes plugin will update just like other WordPress plugin."
	},
	"icons": {
		"1x": "https://raw.githubusercontent.com/ChrisWinters/includes/master/assets/images/80x80.jpg",
		"2x": "https://raw.githubusercontent.com/ChrisWinters/includes/master/assets/images/80x80.jpg"
    },
	"banners": {
		"low": "https://raw.githubusercontent.com/ChrisWinters/includes/master/assets/images/590x300.jpg",
		"high": "https://raw.githubusercontent.com/ChrisWinters/includes/master/assets/images/590x300.jpg"
	}
}